{"cameraMode":{"drawMode":0,"name":"Shaded","section":"Shading Mode"},"sceneLighting":false,"audioPlay":false,"sceneViewState":{"m_AlwaysRefresh":false,"showFog":true,"showSkybox":false,"showFlares":true,"showImageEffects":true,"showParticleSystems":true,"showVisualEffectGraphs":true,"m_FxEnabled":true},"in2DMode":false,"pivot":{"x":-3.6083035469055177,"y":-0.0955011248588562,"z":0.30979394912719729},"rotation":{"x":-0.017464568838477136,"y":-0.4717716872692108,"z":0.00934690423309803,"w":-0.8815005421638489},"size":1.949533224105835,"orthographic":false}